Date,Type,Sub Type,Action,Symbol,Instrument Type,Description,Value,Quantity,Average Price,Commissions,Fees,Multiplier,Root Symbol,Underlying Symbol,Expiration Date,Strike Price,Call or Put,Order #,Total,Currency
2026-08-08T13:08:24-0500,Money Movement,Balance Adjustment,,,,Regulatory fee adjustment,-0.01,0,,--,0.00,,,,,,,,-0.01,USD
2026-08-07T16:00:00-0500,Money Movement,Withdrawal,,,,ACH DISBURSEMENT,"-1,405.19",0,,--,0.00,,,,,,,,"-1,405.19",USD
2026-08-06T14:35:50-0500,Trade,Sell to Close,SELL_TO_CLOSE,PFE   260918C00025000,Equity Option,Sold 1 PFE 09/18/26 Call 25.00 @ 1.48,148.00,1,148.00,0.00,-0.13,100,PFE,PFE,9/18/26,25.0,CALL,491412208,147.87,USD
2026-08-06T14:35:50-0500,Trade,Buy to Close,BUY_TO_CLOSE,PFE   260918C00030000,Equity Option,Bought 1 PFE 09/18/26 Call 30.00 @ 0.03,-3.00,1,-3.00,0.00,-0.12,100,PFE,PFE,9/18/26,30.0,CALL,491412208,-3.12,USD
2026-07-11T13:23:18-0500,Money Movement,Balance Adjustment,,,,Regulatory fee adjustment,-0.02,0,,--,0.00,,,,,,,,-0.02,USD
2026-07-08T09:29:33-0500,Trade,Sell to Close,SELL_TO_CLOSE,VLO   260724P00240000,Equity Option,Sold 1 VLO 07/24/26 Put 240.00 @ 1.13,113.00,1,113.00,0.00,-0.13,100,VLO,VLO,7/24/26,240.0,PUT,479603370,112.87,USD
2026-07-08T09:29:33-0500,Trade,Buy to Close,BUY_TO_CLOSE,VLO   260724P00245000,Equity Option,Bought 1 VLO 07/24/26 Put 245.00 @ 1.48,-148.00,1,-148.00,0.00,-0.12,100,VLO,VLO,7/24/26,245.0,PUT,479603370,-148.12,USD
2026-07-06T08:51:22-0500,Trade,Buy to Close,BUY_TO_CLOSE,HON2  260717P00215000,Equity Option,Bought 1 HON 07/17/26 Put 215.00 @ 0.93,-93.00,1,-93.00,0.00,-0.12,100,HON,HON,7/17/26,215.0,PUT,480824712,-93.12,USD
2026-07-06T08:51:22-0500,Trade,Sell to Close,SELL_TO_CLOSE,HON2  260717P00210000,Equity Option,Sold 1 HON 07/17/26 Put 210.00 @ 0.75,75.00,1,75.00,0.00,-0.13,100,HON,HON,7/17/26,210.0,PUT,480824712,74.87,USD
2026-06-29T11:50:02-0500,Trade,Buy to Open,BUY_TO_OPEN,VLO   260724P00240000,Equity Option,Bought 1 VLO 07/24/26 Put 240.00 @ 1.88,-188.00,1,-188.00,-1.00,-0.12,100,VLO,VLO,7/24/26,240.0,PUT,479602922,-189.12,USD
2026-06-29T11:50:02-0500,Trade,Sell to Open,SELL_TO_OPEN,VLO   260724P00245000,Equity Option,Sold 1 VLO 07/24/26 Put 245.00 @ 2.57,257.00,1,257.00,-1.00,-0.13,100,VLO,VLO,7/24/26,245.0,PUT,479602922,255.87,USD
2026-06-29T06:33:43-0500,Receive Deliver,Symbol Change,SELL_TO_OPEN,HON2  260717P00215000,Equity Option,Symbol change:  Open 1.0 HON2  260717P00215000,313.00,1,313.00,--,0.00,100,HON,HON,7/17/26,215.0,PUT,,313.00,USD
2026-06-29T06:33:43-0500,Receive Deliver,Symbol Change,BUY_TO_CLOSE,HON1  260717P00215000,Equity Option,Symbol change:  Close 1.0 HON1  260717P00215000,-313.00,1,-313.00,--,0.00,100,HON,HON,7/17/26,215.0,PUT,,-313.00,USD
2026-06-29T06:33:43-0500,Receive Deliver,Symbol Change,BUY_TO_OPEN,HON2  260717P00210000,Equity Option,Symbol change:  Open 1.0 HON2  260717P00210000,-228.00,1,-228.00,--,0.00,100,HON,HON,7/17/26,210.0,PUT,,-228.00,USD
2026-06-29T06:33:43-0500,Receive Deliver,Symbol Change,SELL_TO_CLOSE,HON1  260717P00210000,Equity Option,Symbol change:  Close 1.0 HON1  260717P00210000,228.00,1,228.00,--,0.00,100,HON,HON,7/17/26,210.0,PUT,,228.00,USD
2026-06-29T06:16:14-0500,Receive Deliver,Reverse Split,BUY_TO_OPEN,HON1  260717P00210000,Equity Option,Reverse split: Open 1.0 HON1  260717P00210000,-228.00,1,-228.00,--,0.00,100,HON,HON,7/17/26,210.0,PUT,,-228.00,USD
2026-06-29T06:16:14-0500,Receive Deliver,Reverse Split,SELL_TO_CLOSE,HON   260717P00210000,Equity Option,Reverse split: Close 1.0 HON   260717P00210000,228.00,1,228.00,--,0.00,100,HON,HON,7/17/26,210.0,PUT,,228.00,USD
2026-06-29T06:16:14-0500,Receive Deliver,Reverse Split,SELL_TO_OPEN,HON1  260717P00215000,Equity Option,Reverse split: Open 1.0 HON1  260717P00215000,313.00,1,313.00,--,0.00,100,HON,HON,7/17/26,215.0,PUT,,313.00,USD
2026-06-29T06:16:14-0500,Receive Deliver,Reverse Split,BUY_TO_CLOSE,HON   260717P00215000,Equity Option,Reverse split: Close 1.0 HON   260717P00215000,-313.00,1,-313.00,--,0.00,100,HON,HON,7/17/26,215.0,PUT,,-313.00,USD
2026-06-27T13:05:27-0500,Money Movement,Balance Adjustment,,,,Regulatory fee adjustment,-0.05,0,,--,0.00,,,,,,,,-0.05,USD
2026-06-26T08:30:02-0500,Trade,Sell to Close,SELL_TO_CLOSE,UNP   260717P00245000,Equity Option,Sold 1 UNP 07/17/26 Put 245.00 @ 0.80,80.00,1,80.00,0.00,-0.13,100,UNP,UNP,7/17/26,245.0,PUT,475022265,79.87,USD
2026-06-26T08:30:02-0500,Trade,Buy to Close,BUY_TO_CLOSE,UNP   260717P00250000,Equity Option,Bought 1 UNP 07/17/26 Put 250.00 @ 1.11,-111.00,1,-111.00,0.00,-0.12,100,UNP,UNP,7/17/26,250.0,PUT,475022265,-111.12,USD
2026-06-25T08:44:09-0500,Trade,Sell to Close,SELL_TO_CLOSE,MCD   260717P00265000,Equity Option,Sold 1 MCD 07/17/26 Put 265.00 @ 4.45,445.00,1,445.00,0.00,-0.13,100,MCD,MCD,7/17/26,265.0,PUT,478611676,444.87,USD
2026-06-25T08:44:09-0500,Trade,Buy to Close,BUY_TO_CLOSE,MCD   260717P00270000,Equity Option,Bought 1 MCD 07/17/26 Put 270.00 @ 6.99,-699.00,1,-699.00,0.00,-0.12,100,MCD,MCD,7/17/26,270.0,PUT,478611676,-699.12,USD
2026-06-24T16:00:00-0500,Money Movement,Withdrawal,,,,ACH DISBURSEMENT,"-1,700.00",0,,--,0.00,,,,,,,,"-1,700.00",USD
2026-06-23T08:30:24-0500,Trade,Sell to Open,SELL_TO_OPEN,HON   260717P00215000,Equity Option,Sold 1 HON 07/17/26 Put 215.00 @ 3.13,313.00,1,313.00,-1.00,-0.13,100,HON,HON,7/17/26,215.0,PUT,477833840,311.87,USD
2026-06-23T08:30:24-0500,Trade,Buy to Open,BUY_TO_OPEN,HON   260717P00210000,Equity Option,Bought 1 HON 07/17/26 Put 210.00 @ 2.28,-228.00,1,-228.00,-1.00,-0.12,100,HON,HON,7/17/26,210.0,PUT,477833840,-229.12,USD
2026-06-17T08:40:31-0500,Trade,Sell to Close,SELL_TO_CLOSE,RTX   260717P00170000,Equity Option,Sold 1 RTX 07/17/26 Put 170.00 @ 0.78,78.00,1,78.00,0.00,-0.13,100,RTX,RTX,7/17/26,170.0,PUT,476617749,77.87,USD
2026-06-17T08:40:31-0500,Trade,Buy to Close,BUY_TO_CLOSE,RTX   260717P00175000,Equity Option,Bought 1 RTX 07/17/26 Put 175.00 @ 1.26,-126.00,1,-126.00,0.00,-0.12,100,RTX,RTX,7/17/26,175.0,PUT,476617749,-126.12,USD
2026-06-16T08:55:44-0500,Trade,Buy to Open,BUY_TO_OPEN,RTX   260717P00170000,Equity Option,Bought 1 RTX 07/17/26 Put 170.00 @ 1.20,-120.00,1,-120.00,-1.00,-0.12,100,RTX,RTX,7/17/26,170.0,PUT,476264536,-121.12,USD
2026-06-16T08:55:44-0500,Trade,Sell to Open,SELL_TO_OPEN,RTX   260717P00175000,Equity Option,Sold 1 RTX 07/17/26 Put 175.00 @ 2.16,216.00,1,216.00,-1.00,-0.13,100,RTX,RTX,7/17/26,175.0,PUT,476264536,214.87,USD
2026-06-16T08:33:23-0500,Trade,Buy to Open,BUY_TO_OPEN,PFE   260918C00025000,Equity Option,Bought 1 PFE 09/18/26 Call 25.00 @ 1.73,-173.00,1,-173.00,-1.00,-0.12,100,PFE,PFE,9/18/26,25.0,CALL,476254767,-174.12,USD
2026-06-16T08:33:23-0500,Trade,Sell to Open,SELL_TO_OPEN,PFE   260918C00030000,Equity Option,Sold 1 PFE 09/18/26 Call 30.00 @ 0.20,20.00,1,20.00,-1.00,-0.13,100,PFE,PFE,9/18/26,30.0,CALL,476254767,18.87,USD
2026-06-15T08:37:32-0500,Trade,Sell to Close,SELL_TO_CLOSE,MMM   260710P00146000,Equity Option,Sold 1 MMM 07/10/26 Put 146.00 @ 0.52,52.00,1,52.00,0.00,-0.13,100,MMM,MMM,7/10/26,146.0,PUT,475898598,51.87,USD
2026-06-15T08:37:32-0500,Trade,Buy to Close,BUY_TO_CLOSE,MMM   260710P00150000,Equity Option,Bought 1 MMM 07/10/26 Put 150.00 @ 0.99,-99.00,1,-99.00,0.00,-0.12,100,MMM,MMM,7/10/26,150.0,PUT,475898598,-99.12,USD
2026-06-13T14:00:12-0500,Money Movement,Balance Adjustment,,,,Regulatory fee adjustment,-0.08,0,,--,0.00,,,,,,,,-0.08,USD
2026-06-12T08:54:59-0500,Trade,Sell to Close,SELL_TO_CLOSE,XOM   260618P00140000,Equity Option,Sold 1 XOM 06/18/26 Put 140.00 @ 0.37,37.00,1,37.00,0.00,-0.13,100,XOM,XOM,6/18/26,140.0,PUT,475490640,36.87,USD
2026-06-12T08:54:59-0500,Trade,Buy to Close,BUY_TO_CLOSE,XOM   260618P00143000,Equity Option,Bought 1 XOM 06/18/26 Put 143.00 @ 0.82,-82.00,1,-82.00,0.00,-0.12,100,XOM,XOM,6/18/26,143.0,PUT,475490640,-82.12,USD
2026-06-12T08:40:02-0500,Trade,Buy to Open,BUY_TO_OPEN,MMM   260710P00146000,Equity Option,Bought 1 MMM 07/10/26 Put 146.00 @ 0.74,-74.00,1,-74.00,-1.00,-0.12,100,MMM,MMM,7/10/26,146.0,PUT,475439345,-75.12,USD
2026-06-12T08:40:02-0500,Trade,Sell to Open,SELL_TO_OPEN,MMM   260710P00150000,Equity Option,Sold 1 MMM 07/10/26 Put 150.00 @ 1.53,153.00,1,153.00,-1.00,-0.13,100,MMM,MMM,7/10/26,150.0,PUT,475439345,151.87,USD
2026-06-12T08:33:54-0500,Trade,Buy to Close,BUY_TO_CLOSE,TGT   260724C00134000,Equity Option,Bought 1 TGT 07/24/26 Call 134.00 @ 6.60,-660.00,1,-660.00,0.00,-0.12,100,TGT,TGT,7/24/26,134.0,CALL,475439534,-660.12,USD
2026-06-12T08:33:54-0500,Trade,Sell to Close,SELL_TO_CLOSE,TGT   260724C00128000,Equity Option,Sold 1 TGT 07/24/26 Call 128.00 @ 10.30,"1,030.00",1,"1,030.00",0.00,-0.15,100,TGT,TGT,7/24/26,128.0,CALL,475439534,"1,029.85",USD
2026-06-12T08:30:31-0500,Trade,Sell to Close,SELL_TO_CLOSE,AXP   260717C00320000,Equity Option,Sold 1 AXP 07/17/26 Call 320.00 @ 12.43,"1,243.00",1,"1,243.00",0.00,-0.15,100,AXP,AXP,7/17/26,320.0,CALL,475439472,"1,242.85",USD
2026-06-12T08:30:31-0500,Trade,Buy to Close,BUY_TO_CLOSE,AXP   260717C00330000,Equity Option,Bought 1 AXP 07/17/26 Call 330.00 @ 8.03,-803.00,1,-803.00,0.00,-0.12,100,AXP,AXP,7/17/26,330.0,CALL,475439472,-803.12,USD
2026-06-11T08:40:33-0500,Trade,Sell to Open,SELL_TO_OPEN,AXP   260717C00330000,Equity Option,Sold 1 AXP 07/17/26 Call 330.00 @ 5.75,575.00,1,575.00,-1.00,-0.14,100,AXP,AXP,7/17/26,330.0,CALL,475047979,573.86,USD
2026-06-11T08:40:33-0500,Trade,Buy to Open,BUY_TO_OPEN,AXP   260717C00320000,Equity Option,Bought 1 AXP 07/17/26 Call 320.00 @ 9.40,-940.00,1,-940.00,-1.00,-0.12,100,AXP,AXP,7/17/26,320.0,CALL,475047979,-941.12,USD
2026-06-11T08:30:03-0500,Trade,Sell to Open,SELL_TO_OPEN,TGT   260724C00134000,Equity Option,Sold 1 TGT 07/24/26 Call 134.00 @ 4.20,420.00,1,420.00,-1.00,-0.13,100,TGT,TGT,7/24/26,134.0,CALL,475025131,418.87,USD
2026-06-11T08:30:03-0500,Trade,Buy to Open,BUY_TO_OPEN,TGT   260724C00128000,Equity Option,Bought 1 TGT 07/24/26 Call 128.00 @ 7.10,-710.00,1,-710.00,-1.00,-0.12,100,TGT,TGT,7/24/26,128.0,CALL,475025131,-711.12,USD
2026-06-10T13:05:12-0500,Trade,Buy to Open,BUY_TO_OPEN,MCD   260717P00265000,Equity Option,Bought 1 MCD 07/17/26 Put 265.00 @ 1.59,-159.00,1,-159.00,-1.00,-0.12,100,MCD,MCD,7/17/26,265.0,PUT,474901194,-160.12,USD
2026-06-10T13:05:12-0500,Trade,Sell to Open,SELL_TO_OPEN,MCD   260717P00270000,Equity Option,Sold 1 MCD 07/17/26 Put 270.00 @ 2.40,240.00,1,240.00,-1.00,-0.13,100,MCD,MCD,7/17/26,270.0,PUT,474901194,238.87,USD
2026-06-10T08:48:10-0500,Trade,Buy to Close,BUY_TO_CLOSE,AMD   260724P00425000,Equity Option,Bought 1 AMD 07/24/26 Put 425.00 @ 25.17,"-2,517.00",1,"-2,517.00",0.00,-0.12,100,AMD,AMD,7/24/26,425.0,PUT,474658746,"-2,517.12",USD
2026-06-10T08:48:10-0500,Trade,Sell to Close,SELL_TO_CLOSE,AMD   260724P00420000,Equity Option,Sold 1 AMD 07/24/26 Put 420.00 @ 23.42,"2,342.00",1,"2,342.00",0.00,-0.17,100,AMD,AMD,7/24/26,420.0,PUT,474658746,"2,341.83",USD
2026-06-10T08:30:05-0500,Trade,Buy to Open,BUY_TO_OPEN,UNP   260717P00245000,Equity Option,Bought 1 UNP 07/17/26 Put 245.00 @ 2.09,-209.00,1,-209.00,-1.00,-0.12,100,UNP,UNP,7/17/26,245.0,PUT,474625608,-210.12,USD
2026-06-10T08:30:05-0500,Trade,Sell to Open,SELL_TO_OPEN,UNP   260717P00250000,Equity Option,Sold 1 UNP 07/17/26 Put 250.00 @ 2.71,271.00,1,271.00,-1.00,-0.13,100,UNP,UNP,7/17/26,250.0,PUT,474625608,269.87,USD
2026-06-09T13:52:11-0500,Trade,Buy to Close,BUY_TO_CLOSE,TGT   260626P00123000,Equity Option,Bought 1 TGT 06/26/26 Put 123.00 @ 2.27,-227.00,1,-227.00,0.00,-0.12,100,TGT,TGT,6/26/26,123.0,PUT,474497336,-227.12,USD
2026-06-09T13:52:11-0500,Trade,Sell to Close,SELL_TO_CLOSE,TGT   260626P00120000,Equity Option,Sold 1 TGT 06/26/26 Put 120.00 @ 1.39,139.00,1,139.00,0.00,-0.13,100,TGT,TGT,6/26/26,120.0,PUT,474497336,138.87,USD
2026-06-09T12:35:12-0500,Trade,Sell to Close,SELL_TO_CLOSE,RTX   260626C00180000,Equity Option,Sold 1 RTX 06/26/26 Call 180.00 @ 5.05,505.00,1,505.00,0.00,-0.14,100,RTX,RTX,6/26/26,180.0,CALL,474483514,504.86,USD
2026-06-09T10:58:32-0500,Trade,Buy to Open,BUY_TO_OPEN,AMD   260724P00420000,Equity Option,Bought 1 AMD 07/24/26 Put 420.00 @ 25.10,"-2,510.00",1,"-2,510.00",-1.00,-0.12,100,AMD,AMD,7/24/26,420.0,PUT,474156374,"-2,511.12",USD
2026-06-09T10:58:32-0500,Trade,Sell to Open,SELL_TO_OPEN,AMD   260724P00425000,Equity Option,Sold 1 AMD 07/24/26 Put 425.00 @ 27.10,"2,710.00",1,"2,710.00",-1.00,-0.18,100,AMD,AMD,7/24/26,425.0,PUT,474156374,"2,708.82",USD
2026-06-06T13:40:51-0500,Money Movement,Balance Adjustment,,,,Regulatory fee adjustment,-0.01,0,,--,0.00,,,,,,,,-0.01,USD
2026-06-05T08:30:03-0500,Trade,Buy to Open,BUY_TO_OPEN,RTX   260626C00180000,Equity Option,Bought 1 RTX 06/26/26 Call 180.00 @ 4.75,-475.00,1,-475.00,-1.00,-0.12,100,RTX,RTX,6/26/26,180.0,CALL,473268593,-476.12,USD
2026-06-04T09:36:55-0500,Trade,Sell to Open,SELL_TO_OPEN,TGT   260626P00123000,Equity Option,Sold 1 TGT 06/26/26 Put 123.00 @ 3.08,308.00,1,308.00,-1.00,-0.13,100,TGT,TGT,6/26/26,123.0,PUT,472937591,306.87,USD
2026-06-04T09:36:55-0500,Trade,Buy to Open,BUY_TO_OPEN,TGT   260626P00120000,Equity Option,Bought 1 TGT 06/26/26 Put 120.00 @ 1.98,-198.00,1,-198.00,-1.00,-0.12,100,TGT,TGT,6/26/26,120.0,PUT,472937591,-199.12,USD
2026-05-30T13:55:03-0500,Money Movement,Balance Adjustment,,,,Regulatory fee adjustment,-0.01,0,,--,0.00,,,,,,,,-0.01,USD
2026-05-29T10:20:10-0500,Trade,Sell to Close,SELL_TO_CLOSE,HD    260618P00282500,Equity Option,Sold 2 HD 06/18/26 Put 282.50 @ 0.84,168.00,2,84.00,0.00,-0.27,100,HD,HD,6/18/26,282.5,PUT,470661752,167.73,USD
2026-05-29T10:20:10-0500,Trade,Buy to Close,BUY_TO_CLOSE,HD    260618P00285000,Equity Option,Bought 2 HD 06/18/26 Put 285.00 @ 0.99,-198.00,2,-99.00,0.00,-0.25,100,HD,HD,6/18/26,285.0,PUT,470661752,-198.25,USD
2026-05-29T10:15:42-0500,Trade,Sell to Close,SELL_TO_CLOSE,BA    260605P00210000,Equity Option,Sold 1 BA 06/05/26 Put 210.00 @ 0.25,25.00,1,25.00,0.00,-0.13,100,BA,BA,6/05/26,210.0,PUT,466346821,24.87,USD
2026-05-29T10:15:42-0500,Trade,Buy to Close,BUY_TO_CLOSE,BA    260605P00215000,Equity Option,Bought 1 BA 06/05/26 Put 215.00 @ 0.45,-45.00,1,-45.00,0.00,-0.12,100,BA,BA,6/05/26,215.0,PUT,466346821,-45.12,USD
2026-05-23T14:47:58-0500,Money Movement,Balance Adjustment,,,,Regulatory fee adjustment,-0.03,0,,--,0.00,,,,,,,,-0.03,USD
2026-05-22T12:29:39-0500,Trade,Buy to Open,BUY_TO_OPEN,XOM   260618P00140000,Equity Option,Bought 1 XOM 06/18/26 Put 140.00 @ 0.86,-86.00,1,-86.00,-1.00,-0.12,100,XOM,XOM,6/18/26,140.0,PUT,469800603,-87.12,USD
2026-05-22T12:29:39-0500,Trade,Sell to Open,SELL_TO_OPEN,XOM   260618P00143000,Equity Option,Sold 1 XOM 06/18/26 Put 143.00 @ 1.31,131.00,1,131.00,-1.00,-0.13,100,XOM,XOM,6/18/26,143.0,PUT,469800603,129.87,USD
2026-05-22T08:30:13-0500,Trade,Buy to Open,BUY_TO_OPEN,HD    260618P00282500,Equity Option,Bought 2 HD 06/18/26 Put 282.50 @ 1.63,-326.00,2,-163.00,-2.00,-0.25,100,HD,HD,6/18/26,282.5,PUT,469800664,-328.25,USD
2026-05-22T08:30:13-0500,Trade,Sell to Open,SELL_TO_OPEN,HD    260618P00285000,Equity Option,Sold 2 HD 06/18/26 Put 285.00 @ 1.93,386.00,2,193.00,-2.00,-0.27,100,HD,HD,6/18/26,285.0,PUT,469800664,383.73,USD
2026-05-21T13:19:30-0500,Trade,Sell to Close,SELL_TO_CLOSE,NKE   260605P00039000,Equity Option,Sold 1 NKE 06/05/26 Put 39.00 @ 0.10,10.00,1,10.00,0.00,-0.13,100,NKE,NKE,6/05/26,39.0,PUT,463116016,9.87,USD
2026-05-21T13:19:30-0500,Trade,Buy to Close,BUY_TO_CLOSE,NKE   260605P00041000,Equity Option,Bought 1 NKE 06/05/26 Put 41.00 @ 0.29,-29.00,1,-29.00,0.00,-0.12,100,NKE,NKE,6/05/26,41.0,PUT,463116016,-29.12,USD
2026-05-21T13:19:30-0500,Trade,Sell to Close,SELL_TO_CLOSE,NKE   260605P00039000,Equity Option,Sold 1 NKE 06/05/26 Put 39.00 @ 0.10,10.00,1,10.00,0.00,-0.13,100,NKE,NKE,6/05/26,39.0,PUT,463116016,9.87,USD
2026-05-21T13:19:30-0500,Trade,Buy to Close,BUY_TO_CLOSE,NKE   260605P00041000,Equity Option,Bought 1 NKE 06/05/26 Put 41.00 @ 0.29,-29.00,1,-29.00,0.00,-0.12,100,NKE,NKE,6/05/26,41.0,PUT,463116016,-29.12,USD
2026-05-20T14:35:00-0500,Trade,Buy to Close,BUY_TO_CLOSE,GE    260605P00265000,Equity Option,Bought 1 GE 06/05/26 Put 265.00 @ 1.14,-114.00,1,-114.00,0.00,-0.12,100,GE,GE,6/05/26,265.0,PUT,466346878,-114.12,USD
2026-05-20T14:35:00-0500,Trade,Sell to Close,SELL_TO_CLOSE,GE    260605P00260000,Equity Option,Sold 1 GE 06/05/26 Put 260.00 @ 0.84,84.00,1,84.00,0.00,-0.13,100,GE,GE,6/05/26,260.0,PUT,466346878,83.87,USD
2026-05-19T08:30:31-0500,Trade,Sell to Close,SELL_TO_CLOSE,MSFT  260612P00385000,Equity Option,Sold 1 MSFT 06/12/26 Put 385.00 @ 1.40,140.00,1,140.00,0.00,-0.13,100,MSFT,MSFT,6/12/26,385.0,PUT,466347031,139.87,USD
2026-05-19T08:30:31-0500,Trade,Buy to Close,BUY_TO_CLOSE,MSFT  260612P00390000,Equity Option,Bought 1 MSFT 06/12/26 Put 390.00 @ 1.83,-183.00,1,-183.00,0.00,-0.12,100,MSFT,MSFT,6/12/26,390.0,PUT,466347031,-183.12,USD
2026-05-18T08:44:31-0500,Trade,Sell to Close,SELL_TO_CLOSE,SLB   260529P00049000,Equity Option,Sold 2 SLB 05/29/26 Put 49.00 @ 0.09,18.00,2,9.00,0.00,-0.27,100,SLB,SLB,5/29/26,49.0,PUT,463115885,17.73,USD
2026-05-18T08:44:31-0500,Trade,Buy to Close,BUY_TO_CLOSE,SLB   260529P00051000,Equity Option,Bought 2 SLB 05/29/26 Put 51.00 @ 0.21,-42.00,2,-21.00,0.00,-0.25,100,SLB,SLB,5/29/26,51.0,PUT,463115885,-42.25,USD
2026-05-16T12:54:05-0500,Money Movement,Balance Adjustment,,,,Regulatory fee adjustment,-0.02,0,,--,0.00,,,,,,,,-0.02,USD
2026-05-14T08:31:32-0500,Trade,Sell to Close,SELL_TO_CLOSE,ABBV  260529P00185000,Equity Option,Sold 1 ABBV 05/29/26 Put 185.00 @ 0.61,61.00,1,61.00,0.00,-0.13,100,ABBV,ABBV,5/29/26,185.0,PUT,466346916,60.87,USD
2026-05-14T08:31:32-0500,Trade,Buy to Close,BUY_TO_CLOSE,ABBV  260529P00190000,Equity Option,Bought 1 ABBV 05/29/26 Put 190.00 @ 0.81,-81.00,1,-81.00,0.00,-0.12,100,ABBV,ABBV,5/29/26,190.0,PUT,466346916,-81.12,USD
2026-05-12T08:50:51-0500,Trade,Sell to Open,SELL_TO_OPEN,GE    260605P00265000,Equity Option,Sold 1 GE 06/05/26 Put 265.00 @ 2.08,208.00,1,208.00,-1.00,-0.13,100,GE,GE,6/05/26,265.0,PUT,465828172,206.87,USD
2026-05-12T08:50:51-0500,Trade,Buy to Open,BUY_TO_OPEN,GE    260605P00260000,Equity Option,Bought 1 GE 06/05/26 Put 260.00 @ 1.48,-148.00,1,-148.00,-1.00,-0.12,100,GE,GE,6/05/26,260.0,PUT,465828172,-149.12,USD
2026-05-12T08:32:00-0500,Trade,Buy to Open,BUY_TO_OPEN,BA    260605P00210000,Equity Option,Bought 1 BA 06/05/26 Put 210.00 @ 1.14,-114.00,1,-114.00,-1.00,-0.12,100,BA,BA,6/05/26,210.0,PUT,465837610,-115.12,USD
2026-05-12T08:32:00-0500,Trade,Sell to Open,SELL_TO_OPEN,BA    260605P00215000,Equity Option,Sold 1 BA 06/05/26 Put 215.00 @ 1.70,170.00,1,170.00,-1.00,-0.13,100,BA,BA,6/05/26,215.0,PUT,465837610,168.87,USD
2026-05-09T11:52:52-0500,Money Movement,Balance Adjustment,,,,Regulatory fee adjustment,-0.04,0,,--,0.00,,,,,,,,-0.04,USD
2026-05-08T08:30:22-0500,Trade,Buy to Open,BUY_TO_OPEN,ABBV  260529P00185000,Equity Option,Bought 1 ABBV 05/29/26 Put 185.00 @ 0.62,-62.00,1,-62.00,-1.00,-0.12,100,ABBV,ABBV,5/29/26,185.0,PUT,464735925,-63.12,USD
2026-05-08T08:30:22-0500,Trade,Sell to Open,SELL_TO_OPEN,ABBV  260529P00190000,Equity Option,Sold 1 ABBV 05/29/26 Put 190.00 @ 1.13,113.00,1,113.00,-1.00,-0.13,100,ABBV,ABBV,5/29/26,190.0,PUT,464735925,111.87,USD
2026-05-08T08:30:00-0500,Trade,Buy to Open,BUY_TO_OPEN,MSFT  260612P00385000,Equity Option,Bought 1 MSFT 06/12/26 Put 385.00 @ 3.65,-365.00,1,-365.00,-1.00,-0.12,100,MSFT,MSFT,6/12/26,385.0,PUT,464731555,-366.12,USD
2026-05-08T08:30:00-0500,Trade,Sell to Open,SELL_TO_OPEN,MSFT  260612P00390000,Equity Option,Sold 1 MSFT 06/12/26 Put 390.00 @ 4.50,450.00,1,450.00,-1.00,-0.13,100,MSFT,MSFT,6/12/26,390.0,PUT,464731555,448.87,USD
2026-05-06T09:47:09-0500,Trade,Sell to Close,SELL_TO_CLOSE,DE    260515P00540000,Equity Option,Sold 1 DE 05/15/26 Put 540.00 @ 1.40,140.00,1,140.00,0.00,-0.13,100,DE,DE,5/15/26,540.0,PUT,463116118,139.87,USD
2026-05-06T09:47:09-0500,Trade,Buy to Close,BUY_TO_CLOSE,DE    260515P00545000,Equity Option,Bought 1 DE 05/15/26 Put 545.00 @ 1.75,-175.00,1,-175.00,0.00,-0.12,100,DE,DE,5/15/26,545.0,PUT,463116118,-175.12,USD
2026-05-04T12:17:26-0500,Trade,Buy to Open,BUY_TO_OPEN,SLB   260529P00049000,Equity Option,Bought 2 SLB 05/29/26 Put 49.00 @ 0.32,-64.00,2,-32.00,-2.00,-0.25,100,SLB,SLB,5/29/26,49.0,PUT,462601450,-66.25,USD
2026-05-04T12:17:26-0500,Trade,Sell to Open,SELL_TO_OPEN,SLB   260529P00051000,Equity Option,Sold 2 SLB 05/29/26 Put 51.00 @ 0.56,112.00,2,56.00,-2.00,-0.27,100,SLB,SLB,5/29/26,51.0,PUT,462601450,109.73,USD
2026-05-04T08:33:39-0500,Trade,Sell to Close,SELL_TO_CLOSE,TGT   260515P00105000,Equity Option,Sold 1 TGT 05/15/26 Put 105.00 @ 0.09,9.00,1,9.00,0.00,-0.13,100,TGT,TGT,5/15/26,105.0,PUT,462601901,8.87,USD
2026-05-04T08:33:39-0500,Trade,Sell to Close,SELL_TO_CLOSE,TGT   260515C00140000,Equity Option,Sold 1 TGT 05/15/26 Call 140.00 @ 0.14,14.00,1,14.00,0.00,-0.13,100,TGT,TGT,5/15/26,140.0,CALL,462601901,13.87,USD
2026-05-04T08:33:39-0500,Trade,Buy to Close,BUY_TO_CLOSE,TGT   260515P00110000,Equity Option,Bought 1 TGT 05/15/26 Put 110.00 @ 0.14,-14.00,1,-14.00,0.00,-0.12,100,TGT,TGT,5/15/26,110.0,PUT,462601901,-14.12,USD
2026-05-04T08:33:39-0500,Trade,Buy to Close,BUY_TO_CLOSE,TGT   260515C00135000,Equity Option,Bought 1 TGT 05/15/26 Call 135.00 @ 0.57,-57.00,1,-57.00,0.00,-0.12,100,TGT,TGT,5/15/26,135.0,CALL,462601901,-57.12,USD
2026-05-02T11:49:52-0500,Money Movement,Balance Adjustment,,,,Regulatory fee adjustment,0.00,0,,--,0.00,,,,,,,,0.00,USD
2026-04-30T08:30:22-0500,Trade,Buy to Open,BUY_TO_OPEN,NKE   260605P00039000,Equity Option,Bought 2 NKE 06/05/26 Put 39.00 @ 0.26,-52.00,2,-26.00,-2.00,-0.25,100,NKE,NKE,6/05/26,39.0,PUT,461525575,-54.25,USD
2026-04-30T08:30:22-0500,Trade,Sell to Open,SELL_TO_OPEN,NKE   260605P00041000,Equity Option,Sold 2 NKE 06/05/26 Put 41.00 @ 0.63,126.00,2,63.00,-2.00,-0.27,100,NKE,NKE,6/05/26,41.0,PUT,461525575,123.73,USD
2026-04-25T14:28:29-0500,Money Movement,Balance Adjustment,,,,Regulatory fee adjustment,-0.01,0,,--,0.00,,,,,,,,-0.01,USD
2026-04-24T08:31:45-0500,Trade,Sell to Open,SELL_TO_OPEN,DE    260515P00545000,Equity Option,Sold 1 DE 05/15/26 Put 545.00 @ 5.20,520.00,1,520.00,-1.00,-0.14,100,DE,DE,5/15/26,545.0,PUT,458802849,518.86,USD
2026-04-24T08:31:45-0500,Trade,Buy to Open,BUY_TO_OPEN,DE    260515P00540000,Equity Option,Bought 1 DE 05/15/26 Put 540.00 @ 4.40,-440.00,1,-440.00,-1.00,-0.12,100,DE,DE,5/15/26,540.0,PUT,458802849,-441.12,USD
2026-04-20T08:34:00-0500,Trade,Sell to Close,SELL_TO_CLOSE,WMT   260515P00110000,Equity Option,Sold 1 WMT 05/15/26 Put 110.00 @ 0.17,17.00,1,17.00,0.00,-0.13,100,WMT,WMT,5/15/26,110.0,PUT,455924499,16.87,USD
2026-04-20T08:34:00-0500,Trade,Buy to Close,BUY_TO_CLOSE,WMT   260515P00115000,Equity Option,Bought 1 WMT 05/15/26 Put 115.00 @ 0.36,-36.00,1,-36.00,0.00,-0.12,100,WMT,WMT,5/15/26,115.0,PUT,455924499,-36.12,USD
2026-04-18T14:26:24-0500,Money Movement,Balance Adjustment,,,,Regulatory fee adjustment,-0.04,0,,--,0.00,,,,,,,,-0.04,USD
2026-04-17T15:00:00-0500,Receive Deliver,Expiration,SELL_TO_CLOSE,NFLX  260417C00120000,Equity Option,Removal of 1.0 NFLX 04/17/26 Call 120.00 due to expiration.,0.00,1,0.00,--,0.00,100,NFLX,NFLX,4/17/26,120.0,CALL,,0.00,USD
2026-04-17T15:00:00-0500,Receive Deliver,Expiration,BUY_TO_CLOSE,NFLX  260417C00117000,Equity Option,Removal of 1.0 NFLX 04/17/26 Call 117.00 due to expiration.,0.00,1,0.00,--,0.00,100,NFLX,NFLX,4/17/26,117.0,CALL,,0.00,USD
2026-04-17T10:48:28-0500,Trade,Buy to Close,BUY_TO_CLOSE,NFLX  260417P00096000,Equity Option,Bought 1 NFLX 04/17/26 Put 96.00 @ 0.16,-16.00,1,-16.00,0.00,-0.12,100,NFLX,NFLX,4/17/26,96.0,PUT,455540411,-16.12,USD
2026-04-17T10:48:28-0500,Trade,Sell to Close,SELL_TO_CLOSE,NFLX  260417P00094000,Equity Option,Sold 1 NFLX 04/17/26 Put 94.00 @ 0.01,1.00,1,1.00,0.00,-0.13,100,NFLX,NFLX,4/17/26,94.0,PUT,455540411,0.87,USD
2026-04-15T09:24:05-0500,Trade,Buy to Open,BUY_TO_OPEN,NFLX  260417C00120000,Equity Option,Bought 1 NFLX 04/17/26 Call 120.00 @ 0.31,-31.00,1,-31.00,-1.00,-0.12,100,NFLX,NFLX,4/17/26,120.0,CALL,454403836,-32.12,USD
2026-04-15T09:24:05-0500,Trade,Buy to Open,BUY_TO_OPEN,NFLX  260417P00094000,Equity Option,Bought 1 NFLX 04/17/26 Put 94.00 @ 0.33,-33.00,1,-33.00,-1.00,-0.12,100,NFLX,NFLX,4/17/26,94.0,PUT,454403836,-34.12,USD
2026-04-15T09:24:05-0500,Trade,Sell to Open,SELL_TO_OPEN,NFLX  260417C00117000,Equity Option,Sold 1 NFLX 04/17/26 Call 117.00 @ 0.55,55.00,1,55.00,-1.00,-0.13,100,NFLX,NFLX,4/17/26,117.0,CALL,454403836,53.87,USD
2026-04-15T09:24:05-0500,Trade,Sell to Open,SELL_TO_OPEN,NFLX  260417P00096000,Equity Option,Sold 1 NFLX 04/17/26 Put 96.00 @ 0.53,53.00,1,53.00,-1.00,-0.13,100,NFLX,NFLX,4/17/26,96.0,PUT,454403836,51.87,USD
2026-04-15T08:30:09-0500,Trade,Buy to Open,BUY_TO_OPEN,TGT   260515P00105000,Equity Option,Bought 1 TGT 05/15/26 Put 105.00 @ 0.69,-69.00,1,-69.00,-1.00,-0.12,100,TGT,TGT,5/15/26,105.0,PUT,454424347,-70.12,USD
2026-04-15T08:30:09-0500,Trade,Buy to Open,BUY_TO_OPEN,TGT   260515C00140000,Equity Option,Bought 1 TGT 05/15/26 Call 140.00 @ 0.11,-11.00,1,-11.00,-1.00,-0.12,100,TGT,TGT,5/15/26,140.0,CALL,454424347,-12.12,USD
2026-04-15T08:30:09-0500,Trade,Sell to Open,SELL_TO_OPEN,TGT   260515P00110000,Equity Option,Sold 1 TGT 05/15/26 Put 110.00 @ 1.27,127.00,1,127.00,-1.00,-0.13,100,TGT,TGT,5/15/26,110.0,PUT,454424347,125.87,USD
2026-04-15T08:30:09-0500,Trade,Sell to Open,SELL_TO_OPEN,TGT   260515C00135000,Equity Option,Sold 1 TGT 05/15/26 Call 135.00 @ 0.21,21.00,1,21.00,-1.00,-0.13,100,TGT,TGT,5/15/26,135.0,CALL,454424347,19.87,USD
2026-04-13T08:52:46-0500,Trade,Sell to Close,SELL_TO_CLOSE,NVDA  260515P00150000,Equity Option,Sold 1 NVDA 05/15/26 Put 150.00 @ 0.52,52.00,1,52.00,0.00,-0.13,100,NVDA,NVDA,5/15/26,150.0,PUT,453687260,51.87,USD
2026-04-13T08:52:46-0500,Trade,Buy to Close,BUY_TO_CLOSE,NVDA  260515P00155000,Equity Option,Bought 1 NVDA 05/15/26 Put 155.00 @ 0.73,-73.00,1,-73.00,0.00,-0.12,100,NVDA,NVDA,5/15/26,155.0,PUT,453687260,-73.12,USD
2026-04-11T14:15:59-0500,Money Movement,Balance Adjustment,,,,Regulatory fee adjustment,-0.06,0,,--,0.00,,,,,,,,-0.06,USD
2026-04-10T13:30:08-0500,Trade,Buy to Close,BUY_TO_CLOSE,NFLX  260424P00085000,Equity Option,Bought 1 NFLX 04/24/26 Put 85.00 @ 0.16,-16.00,1,-16.00,0.00,-0.12,100,NFLX,NFLX,4/24/26,85.0,PUT,453498048,-16.12,USD
2026-04-10T13:30:08-0500,Trade,Sell to Close,SELL_TO_CLOSE,NFLX  260424P00080000,Equity Option,Sold 1 NFLX 04/24/26 Put 80.00 @ 0.06,6.00,1,6.00,0.00,-0.13,100,NFLX,NFLX,4/24/26,80.0,PUT,453498048,5.87,USD
2026-04-06T08:41:44-0500,Trade,Buy to Open,BUY_TO_OPEN,NVDA  260515P00150000,Equity Option,Bought 1 NVDA 05/15/26 Put 150.00 @ 1.53,-153.00,1,-153.00,-1.00,-0.12,100,NVDA,NVDA,5/15/26,150.0,PUT,451909892,-154.12,USD
2026-04-06T08:41:44-0500,Trade,Sell to Open,SELL_TO_OPEN,NVDA  260515P00155000,Equity Option,Sold 1 NVDA 05/15/26 Put 155.00 @ 2.14,214.00,1,214.00,-1.00,-0.13,100,NVDA,NVDA,5/15/26,155.0,PUT,451909892,212.87,USD
2026-04-06T08:31:52-0500,Trade,Sell to Open,SELL_TO_OPEN,WMT   260515P00115000,Equity Option,Sold 1 WMT 05/15/26 Put 115.00 @ 1.27,127.00,1,127.00,-1.00,-0.13,100,WMT,WMT,5/15/26,115.0,PUT,451887732,125.87,USD
2026-04-06T08:31:52-0500,Trade,Buy to Open,BUY_TO_OPEN,WMT   260515P00110000,Equity Option,Bought 1 WMT 05/15/26 Put 110.00 @ 0.73,-73.00,1,-73.00,-1.00,-0.12,100,WMT,WMT,5/15/26,110.0,PUT,451887732,-74.12,USD
2026-04-06T08:31:12-0500,Trade,Sell to Close,SELL_TO_CLOSE,AMD   260515P00160000,Equity Option,Sold 1 AMD 05/15/26 Put 160.00 @ 1.63,163.00,1,163.00,0.00,-0.13,100,AMD,AMD,5/15/26,160.0,PUT,451892731,162.87,USD
2026-04-06T08:31:12-0500,Trade,Buy to Close,BUY_TO_CLOSE,AMD   260515P00165000,Equity Option,Bought 1 AMD 05/15/26 Put 165.00 @ 2.01,-201.00,1,-201.00,0.00,-0.12,100,AMD,AMD,5/15/26,165.0,PUT,451892731,-201.12,USD
2026-04-02T14:31:02-0500,Trade,Buy to Close,BUY_TO_CLOSE,META  260402P00590000,Equity Option,Bought 1 META 04/02/26 Put 590.00 @ 16.18,"-1,618.00",1,"-1,618.00",0.00,-0.12,100,META,META,4/02/26,590.0,PUT,451802744,"-1,618.12",USD
2026-04-02T14:31:02-0500,Trade,Sell to Close,SELL_TO_CLOSE,META  260402P00585000,Equity Option,Sold 1 META 04/02/26 Put 585.00 @ 11.18,"1,118.00",1,"1,118.00",0.00,-0.15,100,META,META,4/02/26,585.0,PUT,451802744,"1,117.85",USD
2026-04-01T12:08:18-0500,Trade,Sell to Close,SELL_TO_CLOSE,AAPL  260501P00220000,Equity Option,Sold 1 AAPL 05/01/26 Put 220.00 @ 1.21,121.00,1,121.00,0.00,-0.12,100,AAPL,AAPL,5/01/26,220.0,PUT,451226098,120.88,USD
2026-04-01T12:08:18-0500,Trade,Buy to Close,BUY_TO_CLOSE,AAPL  260501P00225000,Equity Option,Bought 1 AAPL 05/01/26 Put 225.00 @ 1.60,-160.00,1,-160.00,0.00,-0.12,100,AAPL,AAPL,5/01/26,225.0,PUT,451226098,-160.12,USD
2026-04-01T09:41:38-0500,Trade,Sell to Close,SELL_TO_CLOSE,WMT   260417P00110000,Equity Option,Sold 1 WMT 04/17/26 Put 110.00 @ 0.25,25.00,1,25.00,0.00,-0.12,100,WMT,WMT,4/17/26,110.0,PUT,451226832,24.88,USD
2026-04-01T09:41:38-0500,Trade,Buy to Close,BUY_TO_CLOSE,WMT   260417P00115000,Equity Option,Bought 1 WMT 04/17/26 Put 115.00 @ 0.51,-51.00,1,-51.00,0.00,-0.12,100,WMT,WMT,4/17/26,115.0,PUT,451226832,-51.12,USD
2026-03-30T09:35:42-0500,Trade,Buy to Open,BUY_TO_OPEN,AMD   260515P00160000,Equity Option,Bought 1 AMD 05/15/26 Put 160.00 @ 3.85,-385.00,1,-385.00,-1.00,-0.12,100,AMD,AMD,5/15/26,160.0,PUT,450397049,-386.12,USD
2026-03-30T09:35:42-0500,Trade,Sell to Open,SELL_TO_OPEN,AMD   260515P00165000,Equity Option,Sold 1 AMD 05/15/26 Put 165.00 @ 4.70,470.00,1,470.00,-1.00,-0.12,100,AMD,AMD,5/15/26,165.0,PUT,450397049,468.88,USD
2026-03-30T08:35:25-0500,Trade,Sell to Open,SELL_TO_OPEN,AAPL  260501P00225000,Equity Option,Sold 1 AAPL 05/01/26 Put 225.00 @ 3.23,323.00,1,323.00,-1.00,-0.12,100,AAPL,AAPL,5/01/26,225.0,PUT,450396949,321.88,USD
2026-03-30T08:35:25-0500,Trade,Buy to Open,BUY_TO_OPEN,AAPL  260501P00220000,Equity Option,Bought 1 AAPL 05/01/26 Put 220.00 @ 2.53,-253.00,1,-253.00,-1.00,-0.12,100,AAPL,AAPL,5/01/26,220.0,PUT,450396949,-254.12,USD
2026-03-28T13:58:38-0500,Money Movement,Balance Adjustment,,,,Regulatory fee adjustment,0.00,0,,--,0.00,,,,,,,,0.00,USD
2026-03-25T10:27:12-0500,Trade,Sell to Close,SELL_TO_CLOSE,HAL   260402P00030000,Equity Option,Sold 2 HAL 04/02/26 Put 30.00 @ 0.09,18.00,2,9.00,0.00,-0.26,100,HAL,HAL,4/02/26,30.0,PUT,449474681,17.74,USD
2026-03-25T10:27:12-0500,Trade,Buy to Close,BUY_TO_CLOSE,HAL   260402P00032000,Equity Option,Bought 2 HAL 04/02/26 Put 32.00 @ 0.11,-22.00,2,-11.00,0.00,-0.25,100,HAL,HAL,4/02/26,32.0,PUT,449474681,-22.25,USD
2026-03-14T14:40:47-0500,Money Movement,Balance Adjustment,,,,Regulatory fee adjustment,-0.01,0,,--,0.00,,,,,,,,-0.01,USD
2026-03-13T08:48:11-0500,Trade,Buy to Close,BUY_TO_CLOSE,SLB   260327P00048000,Equity Option,Bought 2 SLB 03/27/26 Put 48.00 @ 4.28,-856.00,2,-428.00,0.00,-0.25,100,SLB,SLB,3/27/26,48.0,PUT,446654631,-856.25,USD
2026-03-13T08:48:11-0500,Trade,Sell to Close,SELL_TO_CLOSE,SLB   260327P00046000,Equity Option,Sold 2 SLB 03/27/26 Put 46.00 @ 2.74,548.00,2,274.00,0.00,-0.26,100,SLB,SLB,3/27/26,46.0,PUT,446654631,547.74,USD
2026-03-11T14:16:15-0500,Trade,Buy to Open,BUY_TO_OPEN,NFLX  260424P00080000,Equity Option,Bought 1 NFLX 04/24/26 Put 80.00 @ 1.05,-105.00,1,-105.00,-1.00,-0.12,100,NFLX,NFLX,4/24/26,80.0,PUT,446102467,-106.12,USD
2026-03-11T14:16:15-0500,Trade,Sell to Open,SELL_TO_OPEN,NFLX  260424P00085000,Equity Option,Sold 1 NFLX 04/24/26 Put 85.00 @ 1.87,187.00,1,187.00,-1.00,-0.12,100,NFLX,NFLX,4/24/26,85.0,PUT,446102467,185.88,USD
2026-03-07T14:27:12-0600,Money Movement,Balance Adjustment,,,,Regulatory fee adjustment,-0.03,0,,--,0.00,,,,,,,,-0.03,USD
2026-03-04T08:31:33-0600,Trade,Sell to Open,SELL_TO_OPEN,WMT   260417P00115000,Equity Option,Sold 1 WMT 04/17/26 Put 115.00 @ 1.26,126.00,1,126.00,-1.00,-0.12,100,WMT,WMT,4/17/26,115.0,PUT,444084443,124.88,USD
2026-03-04T08:31:33-0600,Trade,Buy to Open,BUY_TO_OPEN,WMT   260417P00110000,Equity Option,Bought 1 WMT 04/17/26 Put 110.00 @ 0.78,-78.00,1,-78.00,-1.00,-0.12,100,WMT,WMT,4/17/26,110.0,PUT,444084443,-79.12,USD
2026-03-03T08:30:13-0600,Trade,Buy to Open,BUY_TO_OPEN,HAL   260402P00030000,Equity Option,Bought 1 HAL 04/02/26 Put 30.00 @ 0.65,-65.00,1,-65.00,-1.00,-0.12,100,HAL,HAL,4/02/26,30.0,PUT,443714714,-66.12,USD
2026-03-03T08:30:13-0600,Trade,Sell to Open,SELL_TO_OPEN,HAL   260402P00032000,Equity Option,Sold 1 HAL 04/02/26 Put 32.00 @ 0.87,87.00,1,87.00,-1.00,-0.12,100,HAL,HAL,4/02/26,32.0,PUT,443714714,85.88,USD
2026-03-03T08:30:12-0600,Trade,Buy to Open,BUY_TO_OPEN,HAL   260402P00030000,Equity Option,Bought 1 HAL 04/02/26 Put 30.00 @ 0.66,-66.00,1,-66.00,-1.00,-0.12,100,HAL,HAL,4/02/26,30.0,PUT,443714714,-67.12,USD
2026-03-03T08:30:12-0600,Trade,Sell to Open,SELL_TO_OPEN,HAL   260402P00032000,Equity Option,Sold 1 HAL 04/02/26 Put 32.00 @ 0.87,87.00,1,87.00,-1.00,-0.12,100,HAL,HAL,4/02/26,32.0,PUT,443714714,85.88,USD
2026-03-03T08:30:06-0600,Trade,Sell to Open,SELL_TO_OPEN,META  260402P00590000,Equity Option,Sold 1 META 04/02/26 Put 590.00 @ 7.98,798.00,1,798.00,-1.00,-0.12,100,META,META,4/02/26,590.0,PUT,443715372,796.88,USD
2026-03-03T08:30:06-0600,Trade,Buy to Open,BUY_TO_OPEN,META  260402P00585000,Equity Option,Bought 1 META 04/02/26 Put 585.00 @ 7.30,-730.00,1,-730.00,-1.00,-0.12,100,META,META,4/02/26,585.0,PUT,443715372,-731.12,USD
2026-03-02T08:30:02-0600,Trade,Buy to Open,BUY_TO_OPEN,SLB   260327P00046000,Equity Option,Bought 2 SLB 03/27/26 Put 46.00 @ 2.33,-466.00,2,-233.00,-2.00,-0.25,100,SLB,SLB,3/27/26,46.0,PUT,443370547,-468.25,USD
2026-03-02T08:30:02-0600,Trade,Sell to Open,SELL_TO_OPEN,SLB   260327P00048000,Equity Option,Sold 2 SLB 03/27/26 Put 48.00 @ 2.68,536.00,2,268.00,-2.00,-0.26,100,SLB,SLB,3/27/26,48.0,PUT,443370547,533.74,USD
2026-02-23T16:00:00-0600,Money Movement,Deposit,,,,ACH DEPOSIT,"3,000.00",0,,--,0.00,,,,,,,,"3,000.00",USD
